"","geneNames","feature","id","fc","pval","qval","logFC"
"1","OTOP2","gene","MSTRG.17366",0.0634399124198259,1.11022302462516e-16,1.29651844815726e-12,-3.97846541040323
"3","CA7","gene","MSTRG.14900",0.0347903960651465,1.765254609154e-14,6.87154777523347e-11,-4.84516708661542
"4","POLD1","gene","MSTRG.20121",0.360392470467612,2.69007038866675e-13,7.85366049971259e-10,-1.47235922505809
"6","GUCA2B","gene","MSTRG.989",0.0357817528762339,3.29520855046894e-11,6.41357424206272e-08,-4.80463212592021
"7","SLC25A34","gene","MSTRG.367",0.400729033360999,4.9735104923343e-11,6.84590552148102e-08,-1.31930105612305
"11","CLCA4","gene","MSTRG.1612",0.023800506964242,9.39943678446298e-11,8.75329470445125e-08,-5.39286388569494
"13","RERGL","gene","MSTRG.8012",0.335328750577988,9.74420544253007e-11,8.75329470445125e-08,-1.57635191197012
"16","NPY","gene","MSTRG.34193",0.394251522879891,1.36048727839011e-10,9.92985652314982e-08,-1.34281176714609
"17","GNG7","gene","MSTRG.18595",0.413417904994851,1.97328930973129e-10,1.35553367994364e-07,-1.27432722211845
"22","CA4","gene","MSTRG.17102",0.0568227095328594,3.38351346940158e-10,1.79603046798507e-07,-4.13738856316774
"23","ANK3","gene","MSTRG.4508",0.285376657298833,3.63553853688359e-10,1.79995548114468e-07,-1.80906076209358
"28","GDPD2","gene","MSTRG.39932",0.264642024556979,5.39145394995444e-10,2.10934392239697e-07,-1.91788591835826
"32","CA1","gene","MSTRG.36905",0.0263702342974637,5.88014081870369e-10,2.14588389002568e-07,-5.24494580028301
"33","ENAM","gene","MSTRG.28756",0.463392628721619,6.71659838857863e-10,2.37686169641883e-07,-1.10969299973803
"35","GLTP","gene","MSTRG.9275",0.433845619651602,9.62879997956634e-10,3.09455195750601e-07,-1.2047463319078
"38","HPGD","gene","MSTRG.29686",0.199286460010709,1.06962660950671e-09,3.21212088988387e-07,-2.32708440146395
"41","NAALADL1","gene","MSTRG.6481",0.283489205722056,1.16283938034201e-09,3.31210689844731e-07,-1.81863429145791
"42","PI16","gene","MSTRG.32557",0.325643493759331,1.25257215710661e-09,3.48274705968834e-07,-1.61863469245672
"43","FUCA1","gene","MSTRG.555",0.396379059267961,1.48006895628328e-09,3.75790556472744e-07,-1.33504734802461
"44","GUCA2A","gene","MSTRG.990",0.0394994197112576,1.52999968250356e-09,3.75790556472744e-07,-4.66202473106322
"45","C11orf86","gene","MSTRG.6592",0.172100437543762,1.53605517194677e-09,3.75790556472744e-07,-2.53867732963351
"48","ABHD3","gene","MSTRG.17940",0.402470077492984,1.57171631265385e-09,3.75790556472744e-07,-1.31304656795127
"53","SLC51B","gene","MSTRG.12975",0.150939625242846,1.88497684128208e-09,4.15335085896078e-07,-2.72795649752625
"54","SLC4A4","gene","MSTRG.28765",0.110486398739347,1.95952276627054e-09,4.22586515800496e-07,-3.17805931512623
"56","AQP8","gene","MSTRG.14345",0.0299213819092534,2.06184003204157e-09,4.29967283824669e-07,-5.06267938261109
"58","C2orf88","gene","MSTRG.22654",0.152040732443193,2.23871443605361e-09,4.50753572141967e-07,-2.71747021449844
"59","TINCR","gene","MSTRG.18713",0.471765143444497,2.46069142839644e-09,4.87050076284978e-07,-1.08385926646995
"62","SLC26A2","gene","MSTRG.31325",0.0836830785679837,2.72038969129085e-09,5.12398561530557e-07,-3.57892026274693
"64","GPR15","gene","MSTRG.26798",0.151386299018485,2.90779966771737e-09,5.27349384283637e-07,-2.7236934525262
"65","PLCL2","gene","MSTRG.26011",0.385792160076068,2.93523805261486e-09,5.27349384283637e-07,-1.37410426911129
"66","GREM2","gene","MSTRG.3738",0.238377534343854,3.05596781213779e-09,5.33467647993206e-07,-2.06867981805516
"67","RSPO2","gene","MSTRG.37175",0.425762741169392,3.06065528477006e-09,5.33467647993206e-07,-1.23187839094513
"69","CA2","gene","MSTRG.36907",0.0732953663426647,3.20928017494282e-09,5.43159041782351e-07,-3.77013419422276
"70","BMP3","gene","MSTRG.28892",0.208245794902336,3.27950200329497e-09,5.47114634206837e-07,-2.26364073127636
"74","CDKN2B","gene","MSTRG.37753",0.175954326331107,4.08731382073313e-09,6.38633300651392e-07,-2.50672710765571
"78","AHCYL2","gene","MSTRG.35389",0.183196286542117,4.72608374657568e-09,7.07579564006549e-07,-2.4485378351292
"79","STMN2","gene","MSTRG.36837",0.224848319456463,4.79830863930886e-09,7.09299345441124e-07,-2.15297599371738
"81","RIOK3","gene","MSTRG.17974",0.473715767432237,4.97877672422931e-09,7.17804377599381e-07,-1.07790640266466
"84","LINC01082","gene","MSTRG.15339",0.311932178553992,5.27174892628324e-09,7.32898618584948e-07,-1.68069570778712
"85","PLCD1","gene","MSTRG.26185",0.358818899584912,5.4216322542544e-09,7.3791142446046e-07,-1.47867221349492
"88","SCGN","gene","MSTRG.32098",0.199080902460024,5.79962311508808e-09,7.68216956754614e-07,-2.32857326281781
"91","HHATL","gene","MSTRG.26266",0.470803462343065,6.37764729916057e-09,8.18441375380189e-07,-1.08680316472595
"92","PKIB","gene","MSTRG.33324",0.148087204577348,6.69035271627649e-09,8.45985432066825e-07,-2.75548110443139
"97","BMP5","gene","MSTRG.32805",0.400835798229003,7.70704167152303e-09,9.26591809135444e-07,-1.31891673500403
"99","C1orf115","gene","MSTRG.3460",0.32983514414437,8.03888200451297e-09,9.40893057994607e-07,-1.60018296784781
"101","USP2","gene","MSTRG.7377",0.33388175352815,8.30686064379194e-09,9.60470481170319e-07,-1.58259084189885
"104","ADAMDEC1","gene","MSTRG.36285",0.0971193630087103,9.13096331878194e-09,1.02530182343015e-06,-3.36409723056981
"106","SMIM6","gene","MSTRG.17403",0.381680439023877,9.41013944544267e-09,1.03516687734445e-06,-1.38956284400688
"107","CFD","gene","MSTRG.18502",0.155985890778363,9.48474532247445e-09,1.03516687734445e-06,-2.68051255441937
"114","ENDOD1","gene","MSTRG.7062",0.384152035050172,1.2652933256696e-08,1.29614872431312e-06,-1.3802506985157
"116","NBPF1","gene","MSTRG.400",0.463602416354651,1.36779148007804e-08,1.36696594158008e-06,-1.10904000901367
"121","SPINK2","gene","MSTRG.28650",0.489257532135652,1.42817122572581e-08,1.37836227884512e-06,-1.03133403352715
"122","ACADS","gene","MSTRG.9460",0.38072880407635,1.44461150819453e-08,1.3828010813685e-06,-1.39316437361833
"129","TMEM37","gene","MSTRG.21989",0.319799141997533,1.73919871837569e-08,1.57444671575126e-06,-1.64476202673067
"130","TNFRSF17","gene","MSTRG.14074",0.192396835258976,1.77381971333546e-08,1.58624230065239e-06,-2.37784302651606
"131","TENT5C","gene","MSTRG.2011",0.3117552060128,1.77939494250268e-08,1.58624230065239e-06,-1.6815144430084
"135","SLC22A18AS","gene","MSTRG.5631",0.286349561515954,2.05872274783303e-08,1.78087142586623e-06,-1.80415070060628
"138","TMEM236","gene","MSTRG.4073",0.222293659591706,2.13035324936328e-08,1.79526696174128e-06,-2.16946129544758
"141","MYOC","gene","MSTRG.2839",0.38215692474281,2.19892397623767e-08,1.82120809890095e-06,-1.38776292243841
"146","PYY","gene","MSTRG.16696",0.0852945640239566,2.51566880660192e-08,2.01219043311625e-06,-3.55140239085228
"148","MALL","gene","MSTRG.21868",0.26491495850129,2.58632142369208e-08,2.01708857595547e-06,-1.91639878667872
"155","SST","gene","MSTRG.27856",0.149302979822987,2.73255005289741e-08,2.05875609791845e-06,-2.74368513549029
"158","RELL1","gene","MSTRG.28427",0.49986357840747,3.09941710074924e-08,2.2908223356044e-06,-1.00039368321936
"159","MYO15B","gene","MSTRG.17400",0.421715673131519,3.18212611816193e-08,2.33716156024497e-06,-1.2456574542783
"160","LRRC75A","gene","MSTRG.15916",0.394425919827695,3.2316194498172e-08,2.35867824593533e-06,-1.34217373288209
"162","CEACAM7","gene","MSTRG.19761",0.0523084107368607,3.3172660951486e-08,2.39129836167564e-06,-4.25681325185364
"166","ACSF2","gene","MSTRG.16952",0.401844122122734,3.59204697097937e-08,2.52698340524681e-06,-1.31529211550278
"167","HAPLN1","gene","MSTRG.30585",0.436162257508655,3.62431631373283e-08,2.53441712046539e-06,-1.19706316044499
"175","MPZ","gene","MSTRG.2659",0.382407825086987,4.40733345374866e-08,2.93410587347723e-06,-1.38681604986711
"181","SLC36A1","gene","MSTRG.31362",0.421104277208614,4.95728933458395e-08,3.19841021266692e-06,-1.24775056567264
"182","ARHGEF9","gene","MSTRG.39872",0.363716040466703,5.01829902077588e-08,3.20699070276692e-06,-1.45911554250194
"183","GCG","gene","MSTRG.22350",0.0791117262857048,5.02551206205126e-08,3.20699070276692e-06,-3.65996463666474
"184","LGALS9C","gene","MSTRG.15984",0.206158045238289,5.05491164481953e-08,3.20822055370665e-06,-2.27817733194465
"186","SLC25A23","gene","MSTRG.18751",0.456119404568858,5.21010377063647e-08,3.27116085126304e-06,-1.13251654718728
"193","CRACD","gene","MSTRG.28630",0.362670424296248,5.52308876411445e-08,3.34189795789267e-06,-1.46326899628692
"194","GCNT2","gene","MSTRG.31917",0.442481207721154,5.61460002934666e-08,3.37975768776857e-06,-1.17631190998146
"204","PHLPP2","gene","MSTRG.15071",0.30492635335429,6.59417793702488e-08,3.77484362493022e-06,-1.7134672537868
"208","SLC22A5","gene","MSTRG.30975",0.416671152032223,6.86805924354772e-08,3.83879627502016e-06,-1.26301887548224
"209","CPM","gene","MSTRG.8844",0.354845759456614,6.8702553646105e-08,3.83879627502016e-06,-1.49473602920467
"214","SNRNP27","gene","MSTRG.21349",0.465264165865776,7.63671992309867e-08,4.16023072669282e-06,-1.10387801829841
"215","UGP2","gene","MSTRG.21259",0.485487384071323,7.68054009281371e-08,4.16023072669282e-06,-1.04249428878815
"217","PLAC8","gene","MSTRG.28918",0.141295193503628,7.75715349732309e-08,4.16023072669282e-06,-2.82321570512791
"229","RNASE1","gene","MSTRG.10638",0.403155962506433,8.61830926623952e-08,4.38631442619444e-06,-1.31059003577015
"232","JCHAIN","gene","MSTRG.28758",0.119000455630452,8.75585841608739e-08,4.40102800497229e-06,-3.07096099753452
"233","PDE9A","gene","MSTRG.24751",0.298360523422194,8.7809515769699e-08,4.40102800497229e-06,-1.74487143205097
"234","DDX60","gene","MSTRG.29621",0.425009371813705,9.11206202713899e-08,4.54746411764654e-06,-1.23443344064859
"241","CD79A","gene","MSTRG.19769",0.234030574287766,9.64259097013809e-08,4.67245549167106e-06,-2.09523107579689
"244","ITM2C","gene","MSTRG.23139",0.244665243678599,9.92729449755814e-08,4.75126824354442e-06,-2.0311189233185
"250","RCAN2","gene","MSTRG.32731",0.38559057743043,1.06081537776248e-07,4.95106872117509e-06,-1.37485829762573
"252","PRRG1","gene","MSTRG.39564",0.435682504056153,1.06839297631112e-07,4.95106872117509e-06,-1.1986509155756
"257","PTN","gene","MSTRG.35487",0.30875478444801,1.13002450286004e-07,5.134796165136e-06,-1.69546660208985
"259","IGHJ3P","gene","MSTRG.12038",0.200759070016284,1.1656073595212e-07,5.25558407123113e-06,-2.31646292671178
"272","ITM2A","gene","MSTRG.40048",0.321906721423246,1.30866937508856e-07,5.61861800083976e-06,-1.63528539423596
"277","HRCT1","gene","MSTRG.37905",0.225486517962749,1.37422614843175e-07,5.79357868642091e-06,-2.14888691883354
"279","SECTM1","gene","MSTRG.17655",0.223232876965144,1.40868232634261e-07,5.89626960825414e-06,-2.16337857694234
"284","NEURL1","gene","MSTRG.5163",0.353788807793342,1.48431053337283e-07,6.10344310166478e-06,-1.49903968619321
"285","CD177P1","gene","MSTRG.19805",0.145764570082227,1.5240401851635e-07,6.24482150257521e-06,-2.77828799784382
"287","NR3C2","gene","MSTRG.29444",0.245982108044671,1.55351837838325e-07,6.29725091474318e-06,-2.02337471255035
"289","SCNN1B","gene","MSTRG.14297",0.131454923879672,1.57109854903581e-07,6.29725091474318e-06,-2.92735991319202
"295","MOB3B","gene","MSTRG.37773",0.477151040506892,1.64328777807476e-07,6.48466880934051e-06,-1.06748207624981
"306","TMEM171","gene","MSTRG.30434",0.293547166127509,1.79153311630209e-07,6.83709925888099e-06,-1.76833576575565
"307","CASP7","gene","MSTRG.5242",0.433453871755182,1.80609874167459e-07,6.870234887712e-06,-1.20604962515651
"309","CPNE8","gene","MSTRG.8213",0.387850561347789,1.83109994056352e-07,6.92025407957954e-06,-1.36642720518461
"317","TCF21","gene","MSTRG.33425",0.375701364961277,1.94411570619835e-07,7.16195054163542e-06,-1.41234173744032
"322","ALPP","gene","MSTRG.23175",0.343306572956248,2.05425496169198e-07,7.43201597368323e-06,-1.54243061545236
"324","CHP2","gene","MSTRG.14320",0.0910828969633685,2.0619739471428e-07,7.43201597368323e-06,-3.45667601151693
"331","LRRC19","gene","MSTRG.37767",0.239739132086566,2.17690934389836e-07,7.6773504588906e-06,-2.06046267876886
"335","LINC01752","gene","MSTRG.23521",0.225698072596924,2.23375906105439e-07,7.78681740746063e-06,-2.14753399654695
"336","MAL","gene","MSTRG.21671",0.499714428528942,2.25477994275636e-07,7.83670243199665e-06,-1.0008242204865
"339","CITED2","gene","MSTRG.33519",0.452869675037752,2.36885937976439e-07,8.13246759089014e-06,-1.14283215770158
"340","GNA11","gene","MSTRG.18620",0.468109803375074,2.3733208620591e-07,8.13246759089014e-06,-1.09508111592486
"344","POU2AF1","gene","MSTRG.7188",0.307529933538889,2.4732454684262e-07,8.3960931919422e-06,-1.70120125234986
"351","PLP1","gene","MSTRG.40186",0.268840578923276,2.55740596255549e-07,8.50865721673021e-06,-1.89517717926735
"358","LIMA1","gene","MSTRG.8415",0.421008635350133,2.64937066285498e-07,8.56527179679636e-06,-1.24807827003026
"365","AMPD1","gene","MSTRG.1963",0.443068559571947,2.694133511838e-07,8.61975100034088e-06,-1.1743981389932
"371","PLPP1","gene","MSTRG.30247",0.48668589055711,2.80945178898762e-07,8.84333638592921e-06,-1.03893714463575
"375","CES2","gene","MSTRG.14905",0.423568522378686,2.96749984585176e-07,9.19293011051332e-06,-1.23933271588656
"376","IRF4","gene","MSTRG.31781",0.324014562253175,2.97218024969403e-07,9.19293011051332e-06,-1.62586944098015
"378","SELENBP1","gene","MSTRG.2339",0.254191503949499,2.97561875473029e-07,9.19293011051332e-06,-1.97601228411477
"379","PRPH","gene","MSTRG.8378",0.303786750907434,2.98886257077413e-07,9.20948208482858e-06,-1.71886914412885
"388","TTC22","gene","MSTRG.1292",0.30895258630963,3.19347598143338e-07,9.61170425545851e-06,-1.69454264428037
"391","RAVER2","gene","MSTRG.1407",0.473595421067206,3.2370797287129e-07,9.64570032170311e-06,-1.07827296247533
"392","LINC01133","gene","MSTRG.2595",0.450323989735327,3.24262549700194e-07,9.64570032170311e-06,-1.15096475966752
"399","P2RY1","gene","MSTRG.27478",0.364588365816299,3.50379513402999e-07,1.02549673120807e-05,-1.45565956984309
"401","FRMD1","gene","MSTRG.33844",0.354332062344056,3.72194123299252e-07,1.08391096555827e-05,-1.49682607879066
"402","MIR4537","gene","MSTRG.12037",0.441601442182771,3.78372162490592e-07,1.09916171979232e-05,-1.17918321120757
"404","PADI2","gene","MSTRG.427",0.166404563394583,3.81186716191806e-07,1.10165330939262e-05,-2.58723309712674
"405","C16orf89","gene","MSTRG.13986",0.368586642287349,3.82059933468071e-07,1.10165330939262e-05,-1.43992430675919
"409","TST","gene","MSTRG.25468",0.436864825316589,3.9563028431111e-07,1.12962602938512e-05,-1.19474114471113
"410","BMP6","gene","MSTRG.31906",0.469468904244892,4.03343167976189e-07,1.14714894321282e-05,-1.09089849223171
"412","FER1L6","gene","MSTRG.37280",0.343223115857798,4.14949314464508e-07,1.17377115300499e-05,-1.54278137418754
"415","ARL14","gene","MSTRG.27570",0.34641110110937,4.20764753705782e-07,1.18402187801834e-05,-1.52944293139658
"423","CMA1","gene","MSTRG.10843",0.469600616235454,4.36292661665227e-07,1.20449780211029e-05,-1.0904937932553
"425","SEMA6A","gene","MSTRG.30836",0.34791329005416,4.41841388587605e-07,1.21407617315907e-05,-1.52320030489473
"431","TDP2","gene","MSTRG.32070",0.403657488575655,4.61228741754915e-07,1.24802843070521e-05,-1.30879643834024
"437","IRAG2","gene","MSTRG.8070",0.383234945757459,4.78606631104661e-07,1.27898586682843e-05,-1.3836989738647
"441","CLIC5","gene","MSTRG.32726",0.342821611281839,4.85538332095636e-07,1.28574073519566e-05,-1.54447003588509
"443","SFRP1","gene","MSTRG.36492",0.272247771290793,4.96662798665781e-07,1.30748409750277e-05,-1.87700785626981
"449","C4orf19","gene","MSTRG.28424",0.431955292835745,5.39674186894601e-07,1.40363366471161e-05,-1.21104609301215
"452","PAQR8","gene","MSTRG.32770",0.383654613599539,5.51631188727697e-07,1.42520996061107e-05,-1.38211999089997
"458","GPD1L","gene","MSTRG.26120",0.436905431713727,5.87215406744335e-07,1.49328960553578e-05,-1.19460705306095
"465","VIPR1","gene","MSTRG.26256",0.316355224214697,6.04638174528382e-07,1.51707736220572e-05,-1.66038267451618
"469","LGALS2","gene","MSTRG.25483",0.219438217243806,6.32892335206137e-07,1.5758884201572e-05,-2.18811328825919
"470","CLDN8","gene","MSTRG.24524",0.104482246293891,6.34828068779569e-07,1.57734514621443e-05,-3.25867027564095
"478","SEMA6D","gene","MSTRG.12658",0.462126298161331,6.61007723223861e-07,1.61490547945779e-05,-1.11364090378719
"483","DPT","gene","MSTRG.2783",0.215567952953938,7.06471840361544e-07,1.70778450012928e-05,-2.2137853766806
"486","HEPACAM2","gene","MSTRG.34918",0.121673376689652,7.1191551787031e-07,1.71064802833117e-05,-3.03891456791765
"492","RBM47","gene","MSTRG.28486",0.455247508010573,7.27641751963048e-07,1.72711389825701e-05,-1.135276974864
"493","TMEM100","gene","MSTRG.17000",0.419605252077077,7.33456043899849e-07,1.73738330236561e-05,-1.25289535906434
"495","ECRG4","gene","MSTRG.21811",0.332716464741896,7.58357096675155e-07,1.78910993433787e-05,-1.58763483397545
"509","MAMDC2","gene","MSTRG.38179",0.324453386831804,8.22681813783532e-07,1.88748098651554e-05,-1.62391686910381
"510","GPA33","gene","MSTRG.2748",0.240367355924094,8.39494328497281e-07,1.9222774055277e-05,-2.0566871166597
"515","C1orf21","gene","MSTRG.3009",0.498910587600337,8.63020890862209e-07,1.95696271135706e-05,-1.00314680915212
"521","LTBP4","gene","MSTRG.19708",0.418909755430497,8.96889556178948e-07,2.010340928418e-05,-1.25528861329137
"525","UGT2A3","gene","MSTRG.28727",0.203449905440554,9.23908145877839e-07,2.05512368144027e-05,-2.29725448501138
"531","EDIL3","gene","MSTRG.30589",0.33631359152793,9.47762345049341e-07,2.08436321383921e-05,-1.57212101083786
"539","RMDN2","gene","MSTRG.20943",0.484838473026965,9.73092918465923e-07,2.10830781110298e-05,-1.04442391042688
"542","DHRS9","gene","MSTRG.22402",0.19413271583751,9.93853899400321e-07,2.14137008066364e-05,-2.36488482897771
"543","CR2","gene","MSTRG.3315",0.399889621078866,9.97321299323062e-07,2.14488363416109e-05,-1.3223262576312
"551","OGN","gene","MSTRG.38368",0.297627993534267,1.04316852311825e-06,2.21091143611161e-05,-1.74841786873128
"552","TLR3","gene","MSTRG.29783",0.449980937041312,1.04965307423655e-06,2.22062474654608e-05,-1.15206421037505
"556","HSD17B2","gene","MSTRG.15259",0.198762024089472,1.07356027512218e-06,2.25268088849812e-05,-2.33088595615308
"563","MARVELD3","gene","MSTRG.15070",0.457367732197411,1.09604373821348e-06,2.26989841916177e-05,-1.12857350928842
"564","VPREB3","gene","MSTRG.25183",0.402331073142238,1.09812878956728e-06,2.26989841916177e-05,-1.31354492929014
"567","UGDH","gene","MSTRG.28461",0.466136134414067,1.12228723647689e-06,2.31020740694245e-05,-1.10117674137682
"574","CAPN13","gene","MSTRG.20865",0.460480985228393,1.14186553989981e-06,2.31954301136812e-05,-1.1187865109553
"581","VSIG2","gene","MSTRG.7460",0.112078507317388,1.18637064971949e-06,2.38364028478843e-05,-3.15741844796158
"584","PPARGC1A","gene","MSTRG.28384",0.442779010351122,1.1930365181323e-06,2.38364028478843e-05,-1.17534126116012
"590","NKX2-3","gene","MSTRG.5049",0.277757657297058,1.22454763418212e-06,2.4237741138947e-05,-1.8481014101237
"596","HOXD1","gene","MSTRG.22510",0.404675450712378,1.25788326710286e-06,2.46469140825959e-05,-1.30516276307737
"601","PIGZ","gene","MSTRG.28013",0.376988423719974,1.28866996984556e-06,2.50400797135714e-05,-1.40740787191916
"603","KRT20","gene","MSTRG.16547",0.183220363351839,1.29872616794202e-06,2.51517814083365e-05,-2.44834823951968
"606","KRTAP13-2","gene","MSTRG.24525",0.472055381379125,1.31513311052434e-06,2.53314008585945e-05,-1.08297196887226
"609","GLIPR2","gene","MSTRG.37916",0.455338462037278,1.34717921596028e-06,2.58331016157375e-05,-1.13498876720865
"613","PRKACB","gene","MSTRG.1575",0.378183588915501,1.37945397349348e-06,2.62793858115121e-05,-1.40284133525892
"615","BCAR3","gene","MSTRG.1707",0.486485666234184,1.39518147301843e-06,2.64670056943269e-05,-1.03953079667954
"616","TCN2","gene","MSTRG.25347",0.455145731981636,1.39767444207184e-06,2.64670056943269e-05,-1.13559954266524
"621","REP15","gene","MSTRG.8114",0.17506780034796,1.42277937842383e-06,2.67555838667206e-05,-2.51401433693055
"624","TRPM4","gene","MSTRG.20066",0.455848327827532,1.44189027961872e-06,2.6984606867608e-05,-1.13337421148402
"630","ANO7","gene","MSTRG.23317",0.43225860290874,1.49813033067936e-06,2.77701047645612e-05,-1.21003341789021
"644","PLAAT2","gene","MSTRG.6410",0.320841493782702,1.62103057665952e-06,2.93950234071893e-05,-1.64006736019118
"646","IGKV3OR2-268","gene","MSTRG.21592",0.42868083516765,1.64212783748674e-06,2.96854007525854e-05,-1.22202417417901
"651","IGKV5-2","gene","MSTRG.21619",0.367647704412178,1.70767810803163e-06,3.06332794863185e-05,-1.44360411810372
"654","B3GALT5","gene","MSTRG.24699",0.259038779980199,1.72565997713647e-06,3.07962409523028e-05,-1.94875999891753
"663","IGSF9","gene","MSTRG.2593",0.453560398096497,1.82005758087023e-06,3.20582691242873e-05,-1.14063341572711
"667","DERL3","gene","MSTRG.25188",0.461201058091343,1.8493643154649e-06,3.23791251514229e-05,-1.11653227205079
"669","CKB","gene","MSTRG.11948",0.217496896123495,1.86290367476527e-06,3.24919713651944e-05,-2.20093328233608
"671","HSD3B2","gene","MSTRG.2032",0.188558883891007,1.86768886856203e-06,3.24968345836974e-05,-2.40691297069489
"676","ENTPD5","gene","MSTRG.11502",0.364593850522685,1.91727910636708e-06,3.31212801836608e-05,-1.45563786673918
"681","MAOA","gene","MSTRG.39628",0.372026838079198,1.95565454985669e-06,3.3536173029701e-05,-1.42652139353489
"683","PINK1","gene","MSTRG.476",0.458723922488323,1.97245654720568e-06,3.37252526475373e-05,-1.12430194884676
"693","FAM107A","gene","MSTRG.26594",0.409525184855104,2.07312165967366e-06,3.49349419071703e-05,-1.28797591787258
"695","CLCA1","gene","MSTRG.1611",0.0533320779352442,2.09625636826694e-06,3.51712973350921e-05,-4.22885265008177
"697","CPNE5","gene","MSTRG.32553",0.376508054318062,2.10233467390353e-06,3.51712973350921e-05,-1.40924736730639
"703","TAC3","gene","MSTRG.8653",0.351429644505947,2.1184338292457e-06,3.51907116044542e-05,-1.50869220127061
"716","SLC30A10","gene","MSTRG.3442",0.411357774931835,2.266896174552e-06,3.69732032491875e-05,-1.28153438323863
"717","CCL28","gene","MSTRG.30184",0.256443765314231,2.28145779579414e-06,3.715880633094e-05,-1.96328559808795
"737","C15orf48","gene","MSTRG.12643",0.263482042674041,2.41371348508324e-06,3.82460598084152e-05,-1.92422345495245
"752","MACIR","gene","MSTRG.30731",0.435106697297218,2.55121123604596e-06,3.96184106576392e-05,-1.20055887142854
"759","PID1","gene","MSTRG.23108",0.460650808467414,2.65395626108944e-06,4.08338619459848e-05,-1.11825454984134
"763","SLC9A1","gene","MSTRG.645",0.481194339355296,2.72726231620446e-06,4.1741768451685e-05,-1.05530842376173
"767","DSC3","gene","MSTRG.18037",0.497156946769927,2.75442527142289e-06,4.19376510034896e-05,-1.00822672884871
"769","ADRA2A","gene","MSTRG.5224",0.412720788541955,2.79140898740149e-06,4.23902134653766e-05,-1.27676198687669
"774","PARM1","gene","MSTRG.28807",0.290796806829426,2.86055050979783e-06,4.31155314943332e-05,-1.781916667434
"776","ITGB7","gene","MSTRG.8533",0.456046923906425,2.88088701050349e-06,4.32757061905558e-05,-1.13274582004949
"785","MEP1A","gene","MSTRG.32739",0.176036038027888,2.9802282263125e-06,4.43351658941113e-05,-2.50605728783231
"788","SIAE","gene","MSTRG.7455",0.44649567940668,3.02683426889327e-06,4.485706927936e-05,-1.16328187996352
"792","SLC16A9","gene","MSTRG.4505",0.381539487207758,3.09804648912504e-06,4.56321796342116e-05,-1.39009571921478
"816","LGALS9B","gene","MSTRG.16073",0.266552866936337,3.46954424124135e-06,4.96536000603143e-05,-1.90750639566365
"817","SLAMF7","gene","MSTRG.2622",0.379115695560801,3.48601756861022e-06,4.98282902891434e-05,-1.39928990891695
"833","SLC6A9","gene","MSTRG.1053",0.493998401479054,3.8157809292283e-06,5.34942253199616e-05,-1.01742172146197
"835","CTSG","gene","MSTRG.10844",0.275386793408571,3.86372700966753e-06,5.40366515196376e-05,-1.86046872038476
"842","B3GNT7","gene","MSTRG.23153",0.12073572210024,4.06080222581373e-06,5.63207225570698e-05,-3.05007550518948
"848","MEI1","gene","MSTRG.25625",0.449388435004439,4.15925822594421e-06,5.72780867483213e-05,-1.15396509759792
"853","LGALS4","gene","MSTRG.19646",0.322813393658923,4.21631186386939e-06,5.77135880654183e-05,-1.63122765702618
"858","TPSB2","gene","MSTRG.13755",0.268313666524685,4.26052172275426e-06,5.79887793453663e-05,-1.89800755491715
"869","GH1","gene","MSTRG.17190",0.429813186215161,4.38886002029903e-06,5.89794100311302e-05,-1.21821835108071
"877","CALB2","gene","MSTRG.15058",0.414962643742893,4.51154076053228e-06,6.00749977212041e-05,-1.26894662857875
"879","PDGFD","gene","MSTRG.7126",0.483381752286994,4.5591913341303e-06,6.05713724686844e-05,-1.04876508264849
"881","MZB1","gene","MSTRG.31123",0.493318588295513,4.59009112130371e-06,6.08434552946478e-05,-1.01940844563217
"888","PITPNM3","gene","MSTRG.15676",0.389251838001487,4.74239083625427e-06,6.23667119209205e-05,-1.36122424333033
"895","FGL2","gene","MSTRG.34799",0.430975596148542,4.94058168465372e-06,6.43002493062523e-05,-1.21432191539262
"896","SLCO2A1","gene","MSTRG.27248",0.343393855280385,4.94096759540152e-06,6.43002493062523e-05,-1.54206387102731
"901","AOC1","gene","MSTRG.35747",0.309183846176637,5.02690710124654e-06,6.51545184554462e-05,-1.69346314965323
"910","UCN3","gene","MSTRG.3915",0.427389318890021,5.18431334706193e-06,6.65301222714167e-05,-1.22637724158536
"911","PTGER2","gene","MSTRG.11160",0.498567437108464,5.19232009710269e-06,6.65597300702143e-05,-1.00413943559635
"918","ENTPD8","gene","MSTRG.39156",0.249878769633711,5.43589678259071e-06,6.91507653889916e-05,-2.00069976347188
"924","MBOAT1","gene","MSTRG.32030",0.495382300904186,5.51868403497746e-06,6.97480434637086e-05,-1.01338577021488
"927","SNX24","gene","MSTRG.30872",0.464225274880568,5.61574948898524e-06,7.07451160003988e-05,-1.10710302211408
"929","CEACAM1","gene","MSTRG.19794",0.336012297408895,5.65401566210433e-06,7.10738373542027e-05,-1.57341406103162
"934","TMEM30B","gene","MSTRG.11287",0.440251932987549,5.77452713468318e-06,7.21697914932309e-05,-1.18359875646307
"939","TPSAB1","gene","MSTRG.13756",0.258137287530419,5.93758838030034e-06,7.38121976222319e-05,-1.95378954334402
"945","PLS1","gene","MSTRG.27352",0.415159301217458,6.02606667499117e-06,7.44681551645999e-05,-1.26826307414355
"961","HAGLR","gene","MSTRG.22507",0.295762600902017,6.36576826096302e-06,7.73563389714112e-05,-1.75748845930088
"964","DPP10-AS1","gene","MSTRG.21967",0.371545299982213,6.44771712476899e-06,7.81083408537887e-05,-1.42838997544128
"966","IGLV2-33","gene","MSTRG.25115",0.239900497547419,6.4903424956686e-06,7.84287852640001e-05,-2.05949194514076
"968","BCAS1","gene","MSTRG.24136",0.229278118725762,6.54468080107939e-06,7.88708887551017e-05,-2.12482941773637
"971","IGKV2D-28","gene","MSTRG.21650",0.239011576585782,6.56126505826915e-06,7.88708887551017e-05,-2.06484759769213
"994","SI","gene","MSTRG.27579",0.22908764214105,7.11890464855092e-06,8.35761288414574e-05,-2.12602845860482
"1014","FRMD3","gene","MSTRG.38268",0.424795878688627,7.57777169702045e-06,8.72425154821287e-05,-1.23515832550688
"1016","IGLV2-34","gene","MSTRG.25114",0.27018315419311,7.63502474621092e-06,8.77450766090558e-05,-1.88799036885328
"1043","B3GNT6","gene","MSTRG.6891",0.163349598446424,8.41935721029863e-06,9.42677406537559e-05,-2.61396518660704
"1045","SYP","gene","MSTRG.39739",0.429208644768022,8.45723355813455e-06,9.4510596642962e-05,-1.22024896092164
"1046","NTN1","gene","MSTRG.15795",0.472855669215957,8.49306170136455e-06,9.48202433542401e-05,-1.08052820113599
"1072","MFAP5","gene","MSTRG.7812",0.288169235350881,9.0912684526101e-06,9.90227288956475e-05,-1.79501177178216
"1084","IGLV4-60","gene","MSTRG.25090",0.305965533716181,9.62854259711765e-06,0.000103728893403266,-1.70855894895408
"1087","B3GALT5-AS1","gene","MSTRG.24700",0.276273468872756,9.78081144964449e-06,0.000105078487680725,-1.85583107115
"1097","B4GALNT2","gene","MSTRG.16891",0.231261751008887,1.00284671928907e-05,0.000106757009916662,-2.11240142032209
"1098","EPHX2","gene","MSTRG.36319",0.475115251159858,1.00787684691461e-05,0.000107194770658186,-1.07365057700506
"1101","TSPAN1","gene","MSTRG.1113",0.224363491768042,1.01150215505719e-05,0.000107287213140398,-2.15609015392369
"1108","BEST2","gene","MSTRG.18986",0.227534166384701,1.05038153070947e-05,0.000110707179743909,-2.13584489914621
"1122","C1QTNF12","gene","MSTRG.69",0.400715332514681,1.09619964012708e-05,0.000114094647035687,-1.31935038242412
"1130","CNTFR","gene","MSTRG.37848",0.401885848219271,1.13311857977694e-05,0.000117102290041018,-1.31514231884264
"1145","CADM3","gene","MSTRG.2576",0.369626103266682,1.17656181739534e-05,0.000119999029725264,-1.43586145035307
"1160","VWA5A","gene","MSTRG.7453",0.438077150865576,1.26704831326929e-05,0.0001275568120893,-1.19074312604385
"1169","XDH","gene","MSTRG.20871",0.359210573415163,1.29464536464674e-05,0.000129331638736909,-1.47709827824618
"1176","MFAP4","gene","MSTRG.16028",0.31866233328867,1.32938317561893e-05,0.000132011366708145,-1.64989959597609
"1186","MATN2","gene","MSTRG.37033",0.373209771128727,1.36513505718527e-05,0.000134410727886351,-1.42194133652614
"1189","IGLL5","gene","MSTRG.25154",0.258053363823944,1.37470426313513e-05,0.000135019313581935,-1.95425865806314
"1196","FOXF2","gene","MSTRG.31801",0.415326062126151,1.39124739348961e-05,0.000135747911279955,-1.2676836897261
"1204","CXCL14","gene","MSTRG.31058",0.208064814321747,1.43882994700917e-05,0.000139556944528015,-2.26489508221903
"1218","IGHV1OR15-2","gene","MSTRG.12163",0.357056248390703,1.49714676922486e-05,0.000143544170533726,-1.48577672964666
"1227","MFSD4A","gene","MSTRG.3259",0.2273042762287,1.5215437026761e-05,0.000144813262916475,-2.13730326935057
"1229","SLITRK6","gene","MSTRG.10319",0.413324395802775,1.52968538377207e-05,0.000145276728434817,-1.27465357592454
"1237","MB","gene","MSTRG.25438",0.303241828488952,1.56177657547607e-05,0.000147440799097895,-1.72145932557555
"1246","ASPRV1","gene","MSTRG.21350",0.485510643217693,1.5984175050443e-05,0.000149809948827507,-1.04242517257125
"1250","ITLN1","gene","MSTRG.2627",0.101591138267654,1.60920082770133e-05,0.000150337978127169,-3.29915353268769
"1253","SCGB2A1","gene","MSTRG.6359",0.316960380540566,1.62624460340322e-05,0.000151566516189487,-1.65762557745603
"1259","IGKV1-27","gene","MSTRG.21631",0.258641576268615,1.65088321060214e-05,0.000153129580090642,-1.95097388990435
"1271","NEDD4L","gene","MSTRG.18285",0.429374333785762,1.70115363439249e-05,0.000156302691915307,-1.21969213943051
"1287","SCG2","gene","MSTRG.23075",0.339804619342153,1.76113344196871e-05,0.000159801991727355,-1.55722263007353
"1308","LIPH","gene","MSTRG.27810",0.410855616556279,1.9321785415749e-05,0.000172507500065074,-1.28329660578507
"1313","FBLN1","gene","MSTRG.25711",0.235482339785837,1.95942003717864e-05,0.000174273474441524,-2.08630922723085
"1361","ISX","gene","MSTRG.25425",0.282806745194297,2.33419634765308e-05,0.000200284679999212,-1.82211156476016
"1386","CRPPA","gene","MSTRG.34101",0.361666299181968,2.50274204995904e-05,0.000210873172145899,-1.46726892395542
"1391","CDC42EP5","gene","MSTRG.20312",0.412013457060517,2.5252103417861e-05,0.000212001483618821,-1.27923663583466
"1401","TMEM54","gene","MSTRG.791",0.419536437041822,2.58801253874008e-05,0.000215723129389055,-1.25313197967707
"1412","TPSG1","gene","MSTRG.13753",0.235375513576506,2.65172060297525e-05,0.00021931156658318,-2.0869638521627
"1415","TRIM36","gene","MSTRG.30809",0.479124754302648,2.69341735610329e-05,0.000222287829572963,-1.06152674168195
"1424","MAP4K1","gene","MSTRG.19635",0.404294707163459,2.80398830497797e-05,0.000229950670123123,-1.30652077824044
"1439","IGHV3-35","gene","MSTRG.12112",0.291581321478353,2.96501785328473e-05,0.000240519258655027,-1.77802979042707
"1470","C1orf210","gene","MSTRG.1023",0.411070777336401,3.19299300691744e-05,0.000253658315202598,-1.28254127927439
"1495","PLAC9","gene","MSTRG.4807",0.479529542043849,3.54019808604944e-05,0.000276538015042711,-1.06030839779349
"1502","IGHV3-71","gene","MSTRG.12157",0.267942018228295,3.60536732739725e-05,0.000280316109516279,-1.90000725489328
"1520","EDN2","gene","MSTRG.981",0.444117145895075,3.8186882723279e-05,0.000293385800291087,-1.17098782482013
"1530","AVIL","gene","MSTRG.8691",0.470900695412852,4.00458595393172e-05,0.00030565722071905,-1.08650524171704
"1546","IGHV6-1","gene","MSTRG.12071",0.321518935530065,4.21558263407062e-05,0.000318431914622747,-1.63702438877779
"1549","SLC1A1","gene","MSTRG.37586",0.491323902983447,4.23068579713526e-05,0.000318953833046776,-1.02525366675543
"1562","SRPX","gene","MSTRG.39581",0.462714548336469,4.38011631398449e-05,0.000327135430982533,-1.11180563509607
"1574","CIDEC","gene","MSTRG.25894",0.485275518016417,4.51876733751355e-05,0.00033526153092429,-1.04312401641977
"1593","ADAM28","gene","MSTRG.36283",0.482943587958927,4.78551201514854e-05,0.000350817384261799,-1.05007341540184
"1608","FHL1","gene","MSTRG.40468",0.382470423359565,4.94424609752686e-05,0.000359072798052977,-1.38657990714035
"1630","LGI4","gene","MSTRG.19498",0.451257524217831,5.4005605676144e-05,0.000386918689009822,-1.14797710735015
"1640","PBLD","gene","MSTRG.4567",0.468038865586018,5.54926574314329e-05,0.000395148325295289,-1.09529975982208
"1656","IGHV1-58","gene","MSTRG.12142",0.469605560377041,5.91124163498158e-05,0.000416856762157699,-1.09047860406953
"1660","ATP8A1","gene","MSTRG.28517",0.36588785241815,5.94658005612647e-05,0.000418015499410609,-1.45052657630523
"1661","CPA3","gene","MSTRG.27395",0.366483169392707,5.94843147474489e-05,0.000418015499410609,-1.44818115025604
"1684","IGFBP6","gene","MSTRG.8523",0.419541780218126,6.21361262826969e-05,0.000430325524849376,-1.25311360576675
"1689","ATP1A2","gene","MSTRG.2604",0.418462995961926,6.25334559885005e-05,0.00043236571878846,-1.25682804177137
"1699","SMIM32","gene","MSTRG.31070",0.464421247291506,6.47653444258989e-05,0.000445006689068788,-1.10649411781549
"1712","INSL5","gene","MSTRG.1434",0.142776720117664,6.7127728498706e-05,0.000457895802224234,-2.80816732916703
"1725","IGKV2D-29","gene","MSTRG.21649",0.287228195761162,7.05910620411032e-05,0.000477739341817133,-1.79973071658934
"1732","PPP1R36","gene","MSTRG.11327",0.486094347944091,7.23571860706818e-05,0.000487779402750325,-1.04069173558176
"1746","PIGR","gene","MSTRG.3300",0.11658860551898,7.47856969172123e-05,0.000500198951087746,-3.10050129746846
"1767","PCSK1N","gene","MSTRG.39718",0.322896518330263,7.83895410343405e-05,0.000517809359513341,-1.63085620988079
"1803","MT1F","gene","MSTRG.14779",0.372800000944837,8.44846603924587e-05,0.000547205692769347,-1.42352623123875
"1806","IGHV4-59","gene","MSTRG.12143",0.301906212630366,8.4968870793567e-05,0.000549333353839672,-1.72782764993115
"1813","MT1E","gene","MSTRG.14774",0.315301338887489,8.66634517224796e-05,0.000558221615672982,-1.66519679863002
"1827","IGLV3-10","gene","MSTRG.25148",0.287079658346796,8.94679375917917e-05,0.000571870046632153,-1.80047698601378
"1828","IGKV1D-17","gene","MSTRG.21658",0.304774037549267,8.95846884977347e-05,0.000572303059232246,-1.71418808409758
"1836","TNFRSF11A","gene","MSTRG.18324",0.488599028087993,9.25334883425943e-05,0.000588565401342493,-1.03327710106121
"1866","IGHVII-26-2","gene","MSTRG.12100",0.299006949111151,0.000100560258271098,0.000629336921805942,-1.74174908092654
"1879","CGN","gene","MSTRG.2343",0.497199604089815,0.000104510797626078,0.000649535441552604,-1.00810294728596
"1886","SPON1","gene","MSTRG.5890",0.269205843267271,0.000106998459156404,0.0006625281049992,-1.89321837007574
"1906","ELL3","gene","MSTRG.12590",0.485547420082614,0.000111831230751314,0.00068518631307127,-1.04231589424348
"1909","IGLV5-45","gene","MSTRG.25106",0.297126337895257,0.00011256907776791,0.000688623200719567,-1.75085160056313
"1911","SPDEF","gene","MSTRG.32492",0.283307720660353,0.000113142500845487,0.000691406658751227,-1.81955817652247
"1921","AKAP7","gene","MSTRG.33388",0.388343340005994,0.000118781795216849,0.000722089434951777,-1.36459537058575
"1932","MT-TF","gene","MSTRG.39257",0.388074196505024,0.000123294482903269,0.000745255161151333,-1.36559558501015
"1936","MT1H","gene","MSTRG.14781",0.280318229275393,0.000125207580241371,0.000755255228336121,-1.8348625280765
"1939","MS4A8","gene","MSTRG.6306",0.379895780992567,0.000126544465662959,0.000762043554014485,-1.39632440492944
"1996","ATOH1","gene","MSTRG.29011",0.286799094193994,0.000147923613451506,0.000865456892728801,-1.80188762734649
"2017","F2RL1","gene","MSTRG.30496",0.497944867225,0.000159281836327851,0.000922207875377615,-1.00594207987165
"2021","CYBRD1","gene","MSTRG.22441",0.478216270607719,0.000160443960668055,0.000927097759862221,-1.06426487841846
"2024","APOD","gene","MSTRG.27940",0.425949218950157,0.000161499118642494,0.000931648901473649,-1.23124665020074
"2051","ITIH5","gene","MSTRG.3952",0.418197178571923,0.000170649565443326,0.000971645843611488,-1.25774476627892
"2067","IGHV3-69-1","gene","MSTRG.12153",0.415251844593312,0.000177954938743841,0.00100529039569203,-1.26794151807909
"2103","PDK4","gene","MSTRG.34952",0.472176875577755,0.000196653842153394,0.00109202261943287,-1.08260070623526
"2132","ABHD11-AS1","gene","MSTRG.34707",0.417323258187201,0.000212309342905614,0.00116264675472781,-1.26076276801649
"2201","KRT19","gene","MSTRG.16565",0.475947958253093,0.000254120376039779,0.00134830429413564,-1.07112426184742
"2211","CILP","gene","MSTRG.12980",0.494998019052996,0.000259204459530538,0.00136905910375288,-1.01450534324691
"2218","MMRN1","gene","MSTRG.28995",0.446780746942395,0.000265403530726127,0.00139732939971676,-1.16236107757374
"2274","FABP1","gene","MSTRG.21608",0.412749663418922,0.000302504093044775,0.00155349287536363,-1.27666105620928
"2284","IGKV6-21","gene","MSTRG.21627",0.303700058692016,0.000308394097552123,0.00157680659860494,-1.71928090757174
"2297","EYA2","gene","MSTRG.24028",0.432781302467266,0.000314380652550739,0.00159831835458752,-1.20828992340388
"2301","SLC13A2","gene","MSTRG.16142",0.420711826412347,0.00031676558510485,0.0016076438517403,-1.24909572135724
"2322","F13A1","gene","MSTRG.31878",0.421478980462202,0.000332827836432514,0.00167388607831994,-1.24646741043197
"2332","IGKV1-33","gene","MSTRG.21632",0.330187113281812,0.000339786752733273,0.00170155647445076,-1.59864427980645
"2351","CTSE","gene","MSTRG.3273",0.26860223970843,0.000356336868112317,0.0017700135881819,-1.89645676032762
"2402","MT1G","gene","MSTRG.14780",0.304371098421986,0.000386100787789445,0.00187713780175068,-1.71609672074644
"2407","LRRC26","gene","MSTRG.39134",0.348089390735494,0.000390685182772632,0.00189548050038172,-1.52247025142772
"2458","RETSAT","gene","MSTRG.21540",0.467327982901313,0.000432519436030177,0.00205490723106607,-1.09749266867489
"2462","PP7080","gene","MSTRG.29829",0.279479370599511,0.00043716069844979,0.00207358352416598,-1.83918629851719
"2477","IGLV1-47","gene","MSTRG.25102",0.32851039311678,0.000450221395138839,0.00212225652784202,-1.60598908092773
"2481","SLC15A1","gene","MSTRG.10395",0.484204775336137,0.00045395651507707,0.00213676105726321,-1.04631078729815
"2485","LINC02747","gene","MSTRG.6674",0.457118254543179,0.00045656396748206,0.0021455750552336,-1.12936066226555
"2500","IGLV4-69","gene","MSTRG.25081",0.396427448080972,0.000469463601223574,0.00219295837403556,-1.33487123872176
"2526","KLK1","gene","MSTRG.20140",0.313418091998274,0.000486818234014086,0.00225061889818547,-1.67383963338309
"2527","FIP1L1","gene","MSTRG.28594",0.488641524149387,0.000489770808849599,0.00226337297417713,-1.03315162764133
"2529","PTPRR","gene","MSTRG.8871",0.456695406223111,0.000491304342783438,0.00226783493371197,-1.13069581678149
"2633","SLC6A8","gene","MSTRG.40581",0.455486189056739,0.000593076456659958,0.00263043936987276,-1.13452078461728
"2640","FOLR2","gene","MSTRG.6753",0.499503397357177,0.000596828519237036,0.00264006191198868,-1.00143360438982
"2645","IGKV4-1","gene","MSTRG.21618",0.359165265565678,0.000600820012902403,0.0026526941817294,-1.47728025933826
"2658","TMPRSS2","gene","MSTRG.24718",0.475401753342038,0.000611391357772439,0.00268555542743908,-1.07278087075468
"2665","IGHV1-18","gene","MSTRG.12089",0.395108426937746,0.000618101398927484,0.00270851337211075,-1.33967947820568
"2673","CXCL13","gene","MSTRG.28863",0.36789951960427,0.000625927685082406,0.00273296314396383,-1.44261630241716
"2677","BCL2L15","gene","MSTRG.1948",0.48429758930669,0.000626766844923132,0.00273319819941118,-1.04603427324855
"2748","GGTA1","gene","MSTRG.38731",0.498883847377005,0.000719306855705093,0.00305679238024894,-1.003224135676
"2756","CHGB","gene","MSTRG.23475",0.324400991983526,0.000728340459849375,0.00308619734764913,-1.62414986371835
"2779","CD8A","gene","MSTRG.21580",0.472366272991807,0.000763541177626448,0.0032075031663129,-1.08202213507293
"2860","S100A14","gene","MSTRG.2394",0.453195538239081,0.000866107487210832,0.00353650462784898,-1.14179443715355
"2905","AGR3","gene","MSTRG.34114",0.367838712606489,0.000924744759235985,0.00371744209926259,-1.44285477297778
"2907","DAAM2","gene","MSTRG.32590",0.46835859625234,0.000926388097910902,0.00372148613945769,-1.09431455026428
"2912","WFDC2","gene","MSTRG.23987",0.296218973979938,0.000944811908611065,0.00378898127361264,-1.7552640410599
"3051","CCDC69","gene","MSTRG.31360",0.495151210336445,0.00121242190183513,0.00464066305133746,-1.01405892911025
"3069","FABP4","gene","MSTRG.36874",0.439713590515337,0.00125013181542544,0.00475693689818777,-1.18536397132913
"3115","IGLV3-19","gene","MSTRG.25136",0.361622937854559,0.00133645118661063,0.005009855154813,-1.46744190364015
"3127","LYVE1","gene","MSTRG.5848",0.459704858840966,0.00136022790799073,0.00507870292447345,-1.12122018011676
"3134","IGHV5-51","gene","MSTRG.12135",0.378707108404178,0.00137890204118707,0.00513810403222163,-1.40084559375162
"3136","SEMA3B","gene","MSTRG.26454",0.468659718671592,0.00138625857221863,0.00516222181325549,-1.09338729445937
"3158","SPARCL1","gene","MSTRG.28960",0.360216118150162,0.00143531057151591,0.00530764941550438,-1.47306535768801
"3190","LINC03025","gene","MSTRG.38152",0.399791677847291,0.00150864536526574,0.00552268973865685,-1.32267965395391
"3195","UGT1A8","gene","MSTRG.23206",0.436760122431461,0.00151460858412733,0.00553602474035648,-1.19508695519709
"3226","IGHV1-3","gene","MSTRG.12074",0.367004485492266,0.00158573904015691,0.00574031633941487,-1.44613039923603
"3250","HMGCS2","gene","MSTRG.2045",0.397374519064923,0.00165060741427236,0.0059310133488839,-1.33142872959035
"3423","PCK1","gene","MSTRG.24169",0.409094934877338,0.00212745310456652,0.00725807693693481,-1.28949241997522
"3442","COL17A1","gene","MSTRG.5175",0.433833346575574,0.00219460807741767,0.00744166286244607,-1.2047871449426
"3453","HBB","gene","MSTRG.5685",0.43769383183451,0.00222619692470294,0.00752760419621793,-1.19200604183219
"3460","HBA2","gene","MSTRG.13682",0.475996696546808,0.00224524013657679,0.00757709279978548,-1.07097653373245
"3465","IGHV1-46","gene","MSTRG.12129",0.435287701851594,0.00225767150648992,0.00760688226580036,-1.19995883453264
"3486","IGLV10-54","gene","MSTRG.25092",0.288295145252767,0.00237575137102497,0.00795650806538101,-1.79438155211881
"3567","HOXB13","gene","MSTRG.16871",0.260654643291722,0.00272712818800536,0.00892834398080363,-1.93978853461093
"3590","IGHV2-5","gene","MSTRG.12077",0.373968419696284,0.00283731062108561,0.00922955805934199,-1.41901165009859
"3610","IGHV1-2","gene","MSTRG.12073",0.383002242518472,0.00292576140873779,0.00946455449618835,-1.38457525558097
"3652","ST3GAL4","gene","MSTRG.7510",0.470129536834965,0.00314612930927305,0.01006037734767,-1.08886977128682
"3762","IGLV3-27","gene","MSTRG.25125",0.460497198645521,0.00373148592617412,0.0115832782152741,-1.11873571492799
"3785","LMOD1","gene","MSTRG.3153",0.415914774468629,0.00385510725976013,0.0118943045124118,-1.2656401603863
"3928","IGHV4-4","gene","MSTRG.12075",0.354763194295925,0.00457445395143774,0.0135999168138722,-1.49507175312073
"3929","DNASE1L3","gene","MSTRG.26582",0.495458701903529,0.00457788574342999,0.0136066555642086,-1.01316328579452
"3940","IGLV6-57","gene","MSTRG.25091",0.401164672094765,0.00464704293975338,0.0137736465610254,-1.31773353190288
"3995","DES","gene","MSTRG.23044",0.221311256840278,0.00491079339774614,0.0143550050810712,-2.17585126022103
"4063","IGLV3-1","gene","MSTRG.25153",0.413140874460034,0.00543792484274563,0.0156298514185537,-1.27529429331449
"4309","IGLV3-25","gene","MSTRG.25128",0.410597302569657,0.00754512542044838,0.0204483580088179,-1.28420394523471
"4383","ENPP3","gene","MSTRG.33395",0.476413181539275,0.00840616074985678,0.0223972496547633,-1.06971476422468
"4406","NOS2","gene","MSTRG.16114",0.477420002945938,0.00864046726498846,0.0229013564958092,-1.06666908115651
"4601","PRAC1","gene","MSTRG.16869",0.225712822623138,0.0109779571416764,0.0278492155067026,-2.14743971530604
"4622","ADH1A","gene","MSTRG.29052",0.401265807532853,0.0112065168734615,0.0283141152613624,-1.31736986776133
"4952","CCL19","gene","MSTRG.37857",0.498721175906354,0.0159693833997363,0.0376596242613329,-1.00369463315868
"5135","IGLV8-61","gene","MSTRG.25089",0.342026365246882,0.0193031796098284,0.043899227163306,-1.5478205547328
"5151","SFRP2","gene","MSTRG.29517",0.350786223781248,0.0196208399155846,0.0444789568190486,-1.51133600409656
"5374","SLC51A","gene","MSTRG.27980",0.43462540249947,0.0248848288543173,0.0540761130183695,-1.20215559687758
